"Speciescode","wingcrd","wt"
1,57.3292144748455,19.439894086496
2,60.6202702702703,22.5432432432432
